Workbook

Sheet team3
A1: Evaluation Metric | B1: Generated | C1: ac97_top | D1: aes_cipher_top | E1: NV_NVDLA_partition_m | F1: FPU | G1: NV_NVDLA_partition_p | H1: NV_NVDLA_partition_p_mod | I1: NV_NVDLA_partition_c | J1: Hidden1 | K1: Hidden2 | L1: Hidden3 | M1: Hidden4 | N1: Hidden5
A2: Docker Image Generation | B2: Yes
A4: Resynth Netlist Generation | C4: Yes | D4: Yes | E4: Yes | F4: Yes | G4: Yes | H4: Yes | I4: Yes | J4: Yes | K4: Yes | L4: Yes | M4: Yes | N4: Yes
A5: Runtime | C5: 6 | D5: 6 | E5: 7 | F5: 6 | G5: 7 | H5: 8 | I5: 13 | J5: 6 | K5: 6 | L5: 10 | M5: 13 | N5: 6
A6: GL0AM Equivalency Check | C6: Pass | D6: Pass | E6: Pass | F6: Pass | G6: Pass | H6: Pass | I6: Pass | J6: Pass | K6: Pass | L6: Pass | M6: Pass | N6: Pass
A7: Runtime factor | C7: =1 + MIN(0.2, MAX(-0.2, 0.02*LOG(C5 / runtimes!B10, 2))) -> 0.83933154 | D7: =1 + MIN(0.2, MAX(-0.2, 0.02*LOG(D5 / runtimes!C10, 2))) -> 0.83850952 | E7: =1 + MIN(0.2, MAX(-0.2, 0.02*LOG(E5 / runtimes!D10, 2))) -> 0.91019349 | F7: =1 + MIN(0.2, MAX(-0.2, 0.02*LOG(F5 / runtimes!E10, 2))) -> 0.82703684 | G7: =1 + MIN(0.2, MAX(-0.2, 0.02*LOG(G5 / runtimes!F10, 2))) -> 0.8664775 | H7: =1 + MIN(0.2, MAX(-0.2, 0.02*LOG(H5 / runtimes!G10, 2))) -> 0.84498921 | I7: =1 + MIN(0.2, MAX(-0.2, 0.02*LOG(I5 / runtimes!H10, 2))) -> 0.83314483 | J7: =1 + MIN(0.2, MAX(-0.2, 0.02*LOG(J5 / runtimes!I10, 2))) -> 0.83627221 | ... N7: =1 + MIN(0.2, MAX(-0.2, 0.02*LOG(N5 / runtimes!M10, 2))) -> 0.89979037
A8: TNS (ns) | C8: -17.82511 | D8: -18.2837 | E8: -11.90621 | F8: -59.3346 | G8: -669.74619 | H8: -369.34425 | I8: -19.31633 | J8: -0.42278 | K8: -139.50494 | L8: -1326.203 | M8: -7988.5905 | N8: -7.30378
A9: Sum of slew differences (ns) | C9: 0.36870734 | D9: 7.5348241 | E9: 50.691575 | F9: 21.326355 | G9: 1273.4609 | H9: 1223.1854 | I9: 19045.001 | J9: 1.7877398 | K9: 5432.4726 | L9: 17062.336 | M9: 1893.0065 | N9: 41.731187
A10: Sum of load differences (fF) | C10: 0 | D10: 6.5893573 | E10: 344.9269 | F10: 4.5460157 | G10: 7629.9071 | H10: 7493.1362 | I10: 67122.499 | J10: 0 | K10: 8230.2058 | L10: 18176.56 | M10: 1161.8137 | N10: 298.25365
A11: Leakge power (uW) | C11: 82.793113 | D11: 29.762567 | E11: 161.3232 | F11: 19.253865 | G11: 585.4017 | H11: 584.97894 | I11: 18101.874 | J11: 52.897112 | K11: 347.66472 | L11: 17539.106 | M11: 3146.7422 | N11: 129.58046
A12: Congestion | C12: 0 | D12: 0 | E12: 0 | F12: 0 | G12: 0 | H12: 0 | I12: 0 | J12: 0 | K12: 0 | L12: 0 | M12: 0 | N12: 0
A13: Score | C13: =SUM(C18:C22)*C7 -> 21.414643 | D13: =SUM(D18:D22)*D7 -> 38.678603 | E13: =SUM(E18:E22)*E7 -> 45.14864 | F13: =SUM(F18:F22)*F7 -> 40.468689 | G13: =SUM(G18:G22)*G7 -> 41.752506 | H13: =SUM(H18:H22)*H7 -> 42.991877 | I13: =SUM(I18:I22)*I7 -> 41.315241 | J13: =SUM(J18:J22)*J7 -> 25.924439 | ... N13: =SUM(N18:N22)*N7 -> 45.889309
A17: Score computation:
B18: TNS | C18: =IF(C8>=0, 0, ABS((C8/Baseline!E2))*10) -> 9.9462709 | D18: =IF(D8>=0, 0, ABS((D8/Baseline!E3)*10)) -> 9.7017887 | E18: =IF(E8>=0, 0, ABS((E8/Baseline!E4)*10)) -> 10.000008 | F18: =IF(F8>=0, 0, ABS((F8/Baseline!E5)*10)) -> 10 | G18: =IF(G8>=0, 0, ABS((G8/Baseline!E6)*10)) -> 8.964484 | H18: =IF(H8>=0, 0, ABS((H8/Baseline!E7)*10)) -> 9.4459715 | I18: =IF(I8>=0, 0, ABS((I8/Baseline!E8)*10)) -> 10.26089 | J18: =IF(J8>=0, 0, ABS((J8/Baseline!E10)*10)) -> 10 | K18: =IF(K8>=0, 0, ABS((K8/Baseline!E11)*10)) -> 10.03486 | L18: =IF(L8>=0, 0, ABS((L8/Baseline!E12)*10)) -> 3.7543903 | M18: =IF(M8>=0, 0, ABS((M8/Baseline!E13)*10)) -> 5.8107486 | N18: =IF(N8>=0, 0, ABS((N8/Baseline!E14)*10)) -> 10
B19: Slew | C19: =IF(C9<=0, 0, ABS((C9/Baseline!F2))*20) -> 14.567655 | D19: =IF(D9<=0, 0, ABS((D9/Baseline!F3)*20)) -> 15.426146 | E19: =IF(E9<=0, 0, ABS((E9/Baseline!F4)*20)) -> 18.603334 | F19: =IF(F9<=0, 0, ABS((F9/Baseline!F5)*20)) -> 17.932081 | G19: =IF(G9<=0, 0, ABS((G9/Baseline!F6)*20)) -> 18.374517 | H19: =IF(H9<=0, 0, ABS((H9/Baseline!F7)*20)) -> 20.396116 | I19: =IF(I9<=0, 0, ABS((I9/Baseline!F8)*20)) -> 18.264399 | J19: =IF(J9<=0, 0, ABS((J9/Baseline!F10)*20)) -> 20 | K19: =IF(K9<=0, 0, ABS((K9/Baseline!F11)*20)) -> 20.082002 | L19: =IF(L9<=0, 0, ABS((L9/Baseline!F12)*20)) -> 19.529996 | M19: =IF(M9<=0, 0, ABS((M9/Baseline!F13)*20)) -> 19.824152 | N19: =IF(N9<=0, 0, ABS((N9/Baseline!F14)*20)) -> 20
B20: Cap | C20: =IF(C10=0, 0, ABS((C10/Baseline!H2))*20) -> 0 | D20: =IF(D10=0, 0, ABS((D10/Baseline!H3)*20)) -> 19.99987 | E20: =IF(E10=0, 0, ABS((E10/Baseline!H4)*20)) -> 20 | F20: =IF(F10=0, 0, ABS((F10/Baseline!H5)*20)) -> 20.000069 | G20: =IF(G10=0, 0, ABS((G10/Baseline!H6)*20)) -> 19.837882 | H20: =IF(H10=0, 0, ABS((H10/Baseline!H7)*20)) -> 20.026972 | I20: =IF(I10=0, 0, ABS((I10/Baseline!H8)*20)) -> 20.064096 | J20: =IF(J10=0, 0, ABS((J10/Baseline!H10)*20)) -> 0 | K20: =IF(K10=0, 0, ABS((K10/Baseline!H11)*20)) -> 20.35239 | L20: =IF(L10=0, 0, ABS((L10/Baseline!H12)*20)) -> 20.186497 | M20: =IF(M10=0, 0, ABS((M10/Baseline!H13)*20)) -> 16.064067 | N20: =IF(N10=0, 0, ABS((N10/Baseline!H14)*20)) -> 20
B21: Power | C21: =(C11/Baseline!J2) -> 1.0000002 | D21: =(D11/Baseline!J3) -> 0.99999891 | E21: =(E11/Baseline!J4) -> 1 | F21: =(F11/Baseline!J5) -> 0.99999819 | G21: =(G11/Baseline!J6) -> 1.0096029 | H21: =(H11/Baseline!J7) -> 1.0095512 | I21: =(I11/Baseline!J8) -> 1.0001221 | J21: =(J11/Baseline!J10) -> 1 | K21: =(K11/Baseline!J11) -> 1.0018188 | L21: =(L11/Baseline!J12) -> 1 | M21: =(M11/Baseline!J13) -> 1.0054124 | N21: =(N11/Baseline!J14) -> 1
B22: Congestion | C22: =IF(C12=0, 0, ABS((C12-Baseline!K2))) -> 0 | D22: =IF(D12=0, 0, ABS((D12-Baseline!K3))) -> 0 | E22: =IF(E12=0, 0, ABS(E12-Baseline!K4)) -> 0 | F22: =IF(F12=0, 0, ABS(F12-Baseline!K5)) -> 0 | G22: =IF(G12=0, 0, ABS(G12-Baseline!K6)) -> 0 | H22: =IF(H12=0, 0, ABS(H12-Baseline!K7)) -> 0 | I22: =IF(I12=0, 0, ABS(I12-Baseline!K8)) -> 0 | J22: =IF(J12=0, 0, ABS(J12-Baseline!K10)) -> 0 | K22: =IF(K12=0, 0, ABS(K12-Baseline!K11)) -> 0 | L22: =IF(L12=0, 0, ABS(L12-Baseline!K12)) -> 0 | M22: =IF(M12=0, 0, ABS(M12-Baseline!K13)) -> 0 | N22: =IF(N12=0, 0, ABS(N12-Baseline!K14)) -> 0
C23: =sum(C18:C22) -> 25.513926 | D23: =sum(D18:D22) -> 46.127804 | E23: =sum(E18:E22) -> 49.603343 | F23: =sum(F18:F22) -> 48.932148 | G23: =sum(G18:G22) -> 48.186486 | H23: =sum(H18:H22) -> 50.878611 | I23: =sum(I18:I22) -> 49.589507 | J23: =sum(J18:J22) -> 31 | ... N23: =sum(N18:N22) -> 51

Sheet team4
A1: Evaluation Metric | B1: Generated | C1: ac97_top | D1: aes_cipher_top | E1: NV_NVDLA_partition_m | F1: FPU | G1: NV_NVDLA_partition_p | H1: NV_NVDLA_partition_p_mod | I1: NV_NVDLA_partition_c | J1: Hidden1 | K1: Hidden2 | L1: Hidden3 | M1: Hidden4 | N1: Hidden5
A2: Docker Image Generation | B2: Yes
A4: Resynth Netlist Generation | C4: Yes | D4: Yes | E4: Yes | F4: Yes | G4: Yes | H4: Error | I4: Yes | J4: Error | K4: Runtime Issue | L4: Runtime Issue | M4: Runtime Issue | N4: Runtime Issue
A5: Runtime | C5: 41 | D5: 51 | E5: 68 | F5: 73 | G5: 609 | I5: 6831
A6: GL0AM Equivalency Check | C6: Pass | D6: Pass | E6: Pass | F6: Fail | G6: Pass | I6: Fail
A7: Runtime factor | C7: =1 + MIN(0.2, MAX(-0.2, 0.02*LOG(C5 / runtimes!B10, 2))) -> 0.89478333 | D7: =1 + MIN(0.2, MAX(-0.2, 0.02*LOG(D5 / runtimes!C10, 2))) -> 0.90025878 | E7: =1 + MIN(0.2, MAX(-0.2, 0.02*LOG(E5 / runtimes!D10, 2))) -> 0.97579565 | G7: =1 + MIN(0.2, MAX(-0.2, 0.02*LOG(G5 / runtimes!F10, 2))) -> 0.99533637
A8: TNS (ns) | C8: -19.86254 | D8: -19.79389 | E8: -15.43788 | G8: -802.30456
A9: Sum of slew differences (ns) | C9: 16.259841 | D9: 8.9798927 | E9: 40.583251 | G9: 1301.2718
A10: Sum of load differences (fF) | C10: 0 | D10: 10.791996 | E10: 314.58789 | G10: 6293.6384
A11: Leakge power (uW) | C11: 83.99498 | D11: 30.394113 | E11: 163.26622 | G11: 590.42683
A12: Congestion | C12: 0 | D12: 0 | E12: 0 | G12: 0
A13: Score | C13: =SUM(C18:C22)*C7 -> 585.65825 | D13: =SUM(D18:D22)*D7 -> 56.414385 | E13: =SUM(E18:E22)*E7 -> 45.97248 | F13: N/A | G13: =SUM(G18:G22)*G7 -> 46.677683 | H13: =SUM(H18:H22)*H7 -> 0 | I13: =SUM(I18:I22)*I7 -> 0 | J13: N/A | K13: N/A | L13: N/A | M13: N/A | N13: N/A
A17: Score computation:
B18: TNS | C18: =IF(C8>=0, 0, ABS((C8/Baseline!E2))*10) -> 11.083141 | D18: =IF(D8>=0, 0, ABS((D8/Baseline!E3)*10)) -> 10.503133 | E18: =IF(E8>=0, 0, ABS((E8/Baseline!E4)*10)) -> 12.966253 | F18: =IF(F8>=0, 0, ABS((F8/Baseline!E5)*10)) -> 0 | G18: =IF(G8>=0, 0, ABS((G8/Baseline!E6)*10)) -> 10.738764 | H18: =IF(H8>=0, 0, ABS((H8/Baseline!E7)*10)) -> 0 | I18: =IF(I8>=0, 0, ABS((I8/Baseline!E8)*10)) -> 0 | J18: =IF(J8>=0, 0, ABS((J8/Baseline!E10)*10)) -> 0 | K18: =IF(K8>=0, 0, ABS((K8/Baseline!E11)*10)) -> 0 | L18: =IF(L8>=0, 0, ABS((L8/Baseline!E12)*10)) -> 0 | M18: =IF(M8>=0, 0, ABS((M8/Baseline!E13)*10)) -> 0 | N18: =IF(N8>=0, 0, ABS((N8/Baseline!E14)*10)) -> 0
B19: Slew | C19: =IF(C9<=0, 0, ABS((C9/Baseline!F2))*20) -> 642.42756 | D19: =IF(D9<=0, 0, ABS((D9/Baseline!F3)*20)) -> 18.384655 | E19: =IF(E9<=0, 0, ABS((E9/Baseline!F4)*20)) -> 14.893674 | F19: =IF(F9<=0, 0, ABS((F9/Baseline!F5)*20)) -> 0 | G19: =IF(G9<=0, 0, ABS((G9/Baseline!F6)*20)) -> 18.775794 | H19: =IF(H9<=0, 0, ABS((H9/Baseline!F7)*20)) -> 0 | I19: =IF(I9<=0, 0, ABS((I9/Baseline!F8)*20)) -> 0 | J19: =IF(J9<=0, 0, ABS((J9/Baseline!F10)*20)) -> 0 | K19: =IF(K9<=0, 0, ABS((K9/Baseline!F11)*20)) -> 0 | L19: =IF(L9<=0, 0, ABS((L9/Baseline!F12)*20)) -> 0 | M19: =IF(M9<=0, 0, ABS((M9/Baseline!F13)*20)) -> 0 | N19: =IF(N9<=0, 0, ABS((N9/Baseline!F14)*20)) -> 0
B20: Cap | C20: =IF(C10=0, 0, ABS((C10/Baseline!H2))*20) -> 0 | D20: =IF(D10=0, 0, ABS((D10/Baseline!H3)*20)) -> 32.755626 | E20: =IF(E10=0, 0, ABS((E10/Baseline!H4)*20)) -> 18.240844 | F20: =IF(F10=0, 0, ABS((F10/Baseline!H5)*20)) -> 0 | G20: =IF(G10=0, 0, ABS((G10/Baseline!H6)*20)) -> 16.363562 | H20: =IF(H10=0, 0, ABS((H10/Baseline!H7)*20)) -> 0 | I20: =IF(I10=0, 0, ABS((I10/Baseline!H8)*20)) -> 0 | J20: =IF(J10=0, 0, ABS((J10/Baseline!H10)*20)) -> 0 | K20: =IF(K10=0, 0, ABS((K10/Baseline!H11)*20)) -> 0 | L20: =IF(L10=0, 0, ABS((L10/Baseline!H12)*20)) -> 0 | M20: =IF(M10=0, 0, ABS((M10/Baseline!H13)*20)) -> 0 | N20: =IF(N10=0, 0, ABS((N10/Baseline!H14)*20)) -> 0
B21: Power | C21: =(C11/Baseline!J2) -> 1.0145167 | D21: =(D11/Baseline!J3) -> 1.0212183 | E21: =(E11/Baseline!J4) -> 1.0120443 | F21: =(F11/Baseline!J5) -> 0 | G21: =(G11/Baseline!J6) -> 1.0182694 | H21: =(H11/Baseline!J7) -> 0 | I21: =(I11/Baseline!J8) -> 0 | J21: =(J11/Baseline!J10) -> 0 | K21: =(K11/Baseline!J11) -> 0 | L21: =(L11/Baseline!J12) -> 0 | M21: =(M11/Baseline!J13) -> 0 | N21: =(N11/Baseline!J14) -> 0
B22: Congestion | C22: =IF(C12=0, 0, ABS((C12-Baseline!K2))) -> 0 | D22: =IF(D12=0, 0, ABS((D12-Baseline!K3))) -> 0 | E22: =IF(E12=0, 0, ABS(E12-Baseline!K4)) -> 0 | F22: =IF(F12=0, 0, ABS(F12-Baseline!K5)) -> 0 | G22: =IF(G12=0, 0, ABS(G12-Baseline!K6)) -> 0 | H22: =IF(H12=0, 0, ABS(H12-Baseline!K7)) -> 0 | I22: =IF(I12=0, 0, ABS(I12-Baseline!K8)) -> 0 | J22: =IF(J12=0, 0, ABS(J12-Baseline!K10)) -> 0 | K22: =IF(K12=0, 0, ABS(K12-Baseline!K11)) -> 0 | L22: =IF(L12=0, 0, ABS(L12-Baseline!K12)) -> 0 | M22: =IF(M12=0, 0, ABS(M12-Baseline!K13)) -> 0 | N22: =IF(N12=0, 0, ABS(N12-Baseline!K14)) -> 0
C23: =sum(C18:C22) -> 654.52521 | D23: =sum(D18:D22) -> 62.664632 | E23: =sum(E18:E22) -> 47.112816 | F23: =sum(F18:F22) -> 0 | G23: =sum(G18:G22) -> 46.89639 | H23: =sum(H18:H22) -> 0 | I23: =sum(I18:I22) -> 0 | J23: =sum(J18:J22) -> 0 | ... N23: =sum(N18:N22) -> 0
H29: Resynth Netlist Generation | I29: NV_p
I30: Rutnime erro: mismatch in matrix dimensions o be multiplied
I31: pci_bridge32
I32: could not find gr_results.csv file in Run1 directory
I33: Rest
I34: did not produce anything in 3hrs
H37: GL0AM

Sheet team11
A1: Evaluation Metric | B1: Generated | C1: ac97_top | D1: aes_cipher_top | E1: NV_NVDLA_partition_m | F1: FPU | G1: NV_NVDLA_partition_p | H1: NV_NVDLA_partition_c | I1: NV_NVDLA_partition_p_mod | J1: Hidden1 | K1: Hidden2 | L1: Hidden3 | M1: Hidden4 | N1: Hidden5
A2: Docker Image Generation | B2: Yes
A4: Resynth Netlist Generation | C4: Yes | D4: Yes | E4: No | F4: Yes | G4: Yes | H4: Yes | I4: Yes | J4: Yes | K4: No | L4: No | M4: No | N4: Yes
A5: Runtime | C5: 10216 | D5: 10274 | F5: 10424 | G5: 10476 | H5: 12451 | I5: 10499 | J5: 10239 | N5: 11863
A6: GL0AM Equivalency Check | C6: Pass | D6: Pass | F6: Pass | G6: Fail | H6: Fail | I6: Fail | J6: Pass | N6: Fail
A7: Runtime factor | C7: =1 + MIN(0.2, MAX(-0.2, 0.02*LOG(C5 / runtimes!B10, 2))) -> 1.0540031 | D7: =1 + MIN(0.2, MAX(-0.2, 0.02*LOG(D5 / runtimes!C10, 2))) -> 1.0533445 | F7: =1 + MIN(0.2, MAX(-0.2, 0.02*LOG(F5 / runtimes!E10, 2))) -> 1.04229 | J7: =1 + MIN(0.2, MAX(-0.2, 0.02*LOG(J5 / runtimes!I10, 2))) -> 1.0510087
A8: TNS (ns) | C8: -17.82511 | D8: -18.2837 | F8: -59.3346 | J8: -0.42278
A9: Sum of slew differences (ns) | C9: 0.36870734 | D9: 7.5348241 | F9: 21.326355 | J9: 1.7877398
A10: Sum of load differences (fF) | C10: 0 | D10: 6.5893573 | F10: 4.5460157 | J10: 0
A11: Leakge power (uW) | C11: 82.793113 | D11: 29.762567 | F11: 19.253865 | J11: 52.897112
A12: Congestion | C12: 0 | D12: 0 | F12: 0 | J12: 0
A13: Score | C13: =SUM(C18:C22)*C7 -> 26.891758 | D13: =SUM(D18:D22)*D7 -> 48.588468 | E13: N/A | F13: =SUM(F18:F22)*F7 -> 51.001489 | G13: N/A | H13: N/A | I13: N/A | J13: =SUM(J18:J22)*J7 -> 32.58127 | K13: N/A | L13: N/A | M13: N/A | N13: N/A
A17: Score computation:
B18: TNS | C18: =IF(C8>=0, 0, ABS((C8/Baseline!E2))*10) -> 9.9462709 | D18: =IF(D8>=0, 0, ABS((D8/Baseline!E3)*10)) -> 9.7017887 | E18: =IF(E8>=0, 0, ABS((E8/Baseline!E4)*10)) -> 0 | F18: =IF(F8>=0, 0, ABS((F8/Baseline!E5)*10)) -> 10 | G18: =IF(G8>=0, 0, ABS((G8/Baseline!E6)*10)) -> 0 | H18: =IF(H8>=0, 0, ABS((H8/Baseline!E7)*10)) -> 0 | I18: =IF(I8>=0, 0, ABS((I8/Baseline!E8)*10)) -> 0 | J18: =IF(J8>=0, 0, ABS((J8/Baseline!E10)*10)) -> 10 | K18: =IF(K8>=0, 0, ABS((K8/Baseline!E11)*10)) -> 0 | L18: =IF(L8>=0, 0, ABS((L8/Baseline!E12)*10)) -> 0 | M18: =IF(M8>=0, 0, ABS((M8/Baseline!E13)*10)) -> 0 | N18: =IF(N8>=0, 0, ABS((N8/Baseline!E14)*10)) -> 0
B19: Slew | C19: =IF(C9<=0, 0, ABS((C9/Baseline!F2))*20) -> 14.567655 | D19: =IF(D9<=0, 0, ABS((D9/Baseline!F3)*20)) -> 15.426146 | E19: =IF(E9<=0, 0, ABS((E9/Baseline!F4)*20)) -> 0 | F19: =IF(F9<=0, 0, ABS((F9/Baseline!F5)*20)) -> 17.932081 | G19: =IF(G9<=0, 0, ABS((G9/Baseline!F6)*20)) -> 0 | H19: =IF(H9<=0, 0, ABS((H9/Baseline!F7)*20)) -> 0 | I19: =IF(I9<=0, 0, ABS((I9/Baseline!F8)*20)) -> 0 | J19: =IF(J9<=0, 0, ABS((J9/Baseline!F10)*20)) -> 20 | K19: =IF(K9<=0, 0, ABS((K9/Baseline!F11)*20)) -> 0 | L19: =IF(L9<=0, 0, ABS((L9/Baseline!F12)*20)) -> 0 | M19: =IF(M9<=0, 0, ABS((M9/Baseline!F13)*20)) -> 0 | N19: =IF(N9<=0, 0, ABS((N9/Baseline!F14)*20)) -> 0
B20: Cap | C20: =IF(C10=0, 0, ABS((C10/Baseline!H2))*20) -> 0 | D20: =IF(D10=0, 0, ABS((D10/Baseline!H3)*20)) -> 19.99987 | E20: =IF(E10=0, 0, ABS((E10/Baseline!H4)*20)) -> 0 | F20: =IF(F10=0, 0, ABS((F10/Baseline!H5)*20)) -> 20.000069 | G20: =IF(G10=0, 0, ABS((G10/Baseline!H6)*20)) -> 0 | H20: =IF(H10=0, 0, ABS((H10/Baseline!H7)*20)) -> 0 | I20: =IF(I10=0, 0, ABS((I10/Baseline!H8)*20)) -> 0 | J20: =IF(J10=0, 0, ABS((J10/Baseline!H10)*20)) -> 0 | K20: =IF(K10=0, 0, ABS((K10/Baseline!H11)*20)) -> 0 | L20: =IF(L10=0, 0, ABS((L10/Baseline!H12)*20)) -> 0 | M20: =IF(M10=0, 0, ABS((M10/Baseline!H13)*20)) -> 0 | N20: =IF(N10=0, 0, ABS((N10/Baseline!H14)*20)) -> 0
B21: Power | C21: =(C11/Baseline!J2) -> 1.0000002 | D21: =(D11/Baseline!J3) -> 0.99999891 | E21: =(E11/Baseline!J4) -> 0 | F21: =(F11/Baseline!J5) -> 0.99999819 | G21: =(G11/Baseline!J6) -> 0 | H21: =(H11/Baseline!J7) -> 0 | I21: =(I11/Baseline!J8) -> 0 | J21: =(J11/Baseline!J10) -> 1 | K21: =(K11/Baseline!J11) -> 0 | L21: =(L11/Baseline!J12) -> 0 | M21: =(M11/Baseline!J13) -> 0 | N21: =(N11/Baseline!J14) -> 0
B22: Congestion | C22: =IF(C12=0, 0, ABS((C12-Baseline!K2))) -> 0 | D22: =IF(D12=0, 0, ABS((D12-Baseline!K3))) -> 0 | E22: =IF(E12=0, 0, ABS(E12-Baseline!K4)) -> 0 | F22: =IF(F12=0, 0, ABS(F12-Baseline!K5)) -> 0 | G22: =IF(G12=0, 0, ABS(G12-Baseline!K6)) -> 0 | H22: =IF(H12=0, 0, ABS(H12-Baseline!K7)) -> 0 | I22: =IF(I12=0, 0, ABS(I12-Baseline!K8)) -> 0 | J22: =IF(J12=0, 0, ABS(J12-Baseline!K10)) -> 0 | K22: =IF(K12=0, 0, ABS(K12-Baseline!K11)) -> 0 | L22: =IF(L12=0, 0, ABS(L12-Baseline!K12)) -> 0 | M22: =IF(M12=0, 0, ABS(M12-Baseline!K13)) -> 0 | N22: =IF(N12=0, 0, ABS(N12-Baseline!K14)) -> 0
C23: =sum(C18:C22) -> 25.513926 | D23: =sum(D18:D22) -> 46.127804 | E23: =sum(E18:E22) -> 0 | F23: =sum(F18:F22) -> 48.932148 | G23: =sum(G18:G22) -> 0 | H23: =sum(H18:H22) -> 0 | I23: =sum(I18:I22) -> 0 | J23: =sum(J18:J22) -> 31 | ... N23: =sum(N18:N22) -> 0

Sheet team13
A1: Evaluation Metric | B1: Generated | C1: ac97_top | D1: aes_cipher_top | E1: NV_NVDLA_partition_m | F1: FPU | G1: NV_NVDLA_partition_p | H1: NV_NVDLA_partition_p_mod | I1: NV_NVDLA_partition_c | J1: Hidden1 | K1: Hidden2 | L1: Hidden3 | M1: Hidden4 | N1: Hidden5
A2: Docker Image Generation | B2: Yes
A4: Resynth Netlist Generation | C4: Yes | D4: Yes | E4: Yes | F4: Yes | G4: Yes | H4: Yes | I4: No | J4: Yes | K4: Yes | L4: No | M4: No | N4: Yes
A5: Runtime | C5: 11 | D5: 59 | E5: 88 | F5: 331 | G5: 1001 | H5: 4120 | I5: 13654 | J5: 23 | K5: 400 | L5: 51581 | M5: 22660 | N5: 90
A6: GL0AM Equivalency Check | C6: Pass | D6: Pass | E6: Pass | F6: Pass | G6: Pass | H6: Pass | J6: Pass | K6: Pass | L6: Pass | M6: Pass | N6: Pass
A7: Runtime factor | C7: =1 + MIN(0.2, MAX(-0.2, 0.02*LOG(C5 / runtimes!B10, 2))) -> 0.85682092 | D7: =1 + MIN(0.2, MAX(-0.2, 0.02*LOG(D5 / runtimes!C10, 2))) -> 0.90446314 | E7: =1 + MIN(0.2, MAX(-0.2, 0.02*LOG(E5 / runtimes!D10, 2))) -> 0.98323502 | F7: =1 + MIN(0.2, MAX(-0.2, 0.02*LOG(F5 / runtimes!E10, 2))) -> 0.94275134 | G7: =1 + MIN(0.2, MAX(-0.2, 0.02*LOG(G5 / runtimes!F10, 2))) -> 1.0096749 | H7: =1 + MIN(0.2, MAX(-0.2, 0.02*LOG(H5 / runtimes!G10, 2))) -> 1.0251578 | I7: =1 + MIN(0.2, MAX(-0.2, 0.02*LOG(I5 / runtimes!H10, 2))) -> 1.0338768 | J7: =1 + MIN(0.2, MAX(-0.2, 0.02*LOG(J5 / runtimes!I10, 2))) -> 0.8750442 | ... N7: =1 + MIN(0.2, MAX(-0.2, 0.02*LOG(N5 / runtimes!M10, 2))) -> 0.97792818
A8: TNS (ns) | C8: -17.82511 | D8: -1.21857 | E8: -5.18111 | F8: -37.09985 | G8: -28.05313 | H8: -0.16144 | I8: 0 | J8: -0.00648 | K8: -2.75049 | L8: -2365.9437 | M8: -9338.301 | N8: -2.79914
A9: Sum of slew differences (ns) | C9: 0.36870734 | D9: 1.8081436 | E9: 11.309343 | F9: 0 | G9: 1172.4412 | H9: 1095.8059 | I9: 6094.3917 | J9: 0.15389301 | K9: 4473.0651 | L9: 16185.104 | M9: 2281.07 | N9: 30.667863
A10: Sum of load differences (fF) | C10: 0 | D10: 9.42696 | E10: 0 | F10: 0 | G10: 1508.1171 | H10: 1256.1491 | I10: 8761.5969 | J10: 0 | K10: 5693.2457 | L10: 15485.845 | M10: 4005.68 | N10: 58.566955
A11: Leakge power (uW) | C11: 82.793113 | D11: 31.247815 | E11: 161.63678 | F11: 20.087766 | G11: 586.25346 | H11: 586.01247 | I11: 18102.02 | J11: 52.899963 | K11: 349.08923 | L11: 17546.278 | M11: 3153.21 | N11: 131.12516
A12: Congestion | C12: 0 | D12: 0 | E12: 0 | F12: 0 | G12: 0 | H12: 0 | I12: 0 | J12: 0 | K12: 0 | L12: 0 | M12: 0 | N12: 0
A13: Score | C13: =SUM(C18:C22)*C7 -> 21.860865 | D13: =SUM(D18:D22)*D7 -> 30.761552 | E13: =SUM(E18:E22)*E7 -> 9.3446399 | F13: =SUM(F18:F22)*F7 -> 6.8782753 | G13: =SUM(G18:G22)*G7 -> 22.439634 | H13: =SUM(H18:H22)*H7 -> 23.214595 | I13: =SUM(I18:I22)*I7 -> 9.7843254 | J13: =SUM(J18:J22)*J7 -> 2.5157293 | ... N13: =SUM(N18:N22)*N7 -> 22.9515
A17: Score computation:
B18: TNS | C18: =IF(C8>=0, 0, ABS((C8/Baseline!E2))*10) -> 9.9462709 | D18: =IF(D8>=0, 0, ABS((D8/Baseline!E3)*10)) -> 0.64660373 | E18: =IF(E8>=0, 0, ABS((E8/Baseline!E4)*10)) -> 4.3516067 | F18: =IF(F8>=0, 0, ABS((F8/Baseline!E5)*10)) -> 6.2526502 | G18: =IF(G8>=0, 0, ABS((G8/Baseline!E6)*10)) -> 0.37548826 | H18: =IF(H8>=0, 0, ABS((H8/Baseline!E7)*10)) -> 0.0041288246 | I18: =IF(I8>=0, 0, ABS((I8/Baseline!E8)*10)) -> 0 | J18: =IF(J8>=0, 0, ABS((J8/Baseline!E10)*10)) -> 0.1532712 | K18: =IF(K8>=0, 0, ABS((K8/Baseline!E11)*10)) -> 0.19784807 | L18: =IF(L8>=0, 0, ABS((L8/Baseline!E12)*10)) -> 6.6978256 | M18: =IF(M8>=0, 0, ABS((M8/Baseline!E13)*10)) -> 6.7925024 | N18: =IF(N8>=0, 0, ABS((N8/Baseline!E14)*10)) -> 3.8324539
B19: Slew | C19: =IF(C9<=0, 0, ABS((C9/Baseline!F2))*20) -> 14.567655 | D19: =IF(D9<=0, 0, ABS((D9/Baseline!F3)*20)) -> 3.7018365 | E19: =IF(E9<=0, 0, ABS((E9/Baseline!F4)*20)) -> 4.1504233 | F19: =IF(F9<=0, 0, ABS((F9/Baseline!F5)*20)) -> 0 | G19: =IF(G9<=0, 0, ABS((G9/Baseline!F6)*20)) -> 16.916923 | H19: =IF(H9<=0, 0, ABS((H9/Baseline!F7)*20)) -> 18.272115 | I19: =IF(I9<=0, 0, ABS((I9/Baseline!F8)*20)) -> 5.8445994 | J19: =IF(J9<=0, 0, ABS((J9/Baseline!F10)*20)) -> 1.7216489 | K19: =IF(K9<=0, 0, ABS((K9/Baseline!F11)*20)) -> 16.535399 | L19: =IF(L9<=0, 0, ABS((L9/Baseline!F12)*20)) -> 18.525893 | M19: =IF(M9<=0, 0, ABS((M9/Baseline!F13)*20)) -> 23.888073 | N19: =IF(N9<=0, 0, ABS((N9/Baseline!F14)*20)) -> 14.697815
B20: Cap | C20: =IF(C10=0, 0, ABS((C10/Baseline!H2))*20) -> 0 | D20: =IF(D10=0, 0, ABS((D10/Baseline!H3)*20)) -> 28.612499 | E20: =IF(E10=0, 0, ABS((E10/Baseline!H4)*20)) -> 0 | F20: =IF(F10=0, 0, ABS((F10/Baseline!H5)*20)) -> 0 | G20: =IF(G10=0, 0, ABS((G10/Baseline!H6)*20)) -> 3.9211289 | H20: =IF(H10=0, 0, ABS((H10/Baseline!H7)*20)) -> 3.3573209 | I20: =IF(I10=0, 0, ABS((I10/Baseline!H8)*20)) -> 2.6189955 | J20: =IF(J10=0, 0, ABS((J10/Baseline!H10)*20)) -> 0 | K20: =IF(K10=0, 0, ABS((K10/Baseline!H11)*20)) -> 14.078768 | L20: =IF(L10=0, 0, ABS((L10/Baseline!H12)*20)) -> 17.198247 | M20: =IF(M10=0, 0, ABS((M10/Baseline!H13)*20)) -> 55.385393 | N20: =IF(N10=0, 0, ABS((N10/Baseline!H14)*20)) -> 3.9273253
B21: Power | C21: =(C11/Baseline!J2) -> 1.0000002 | D21: =(D11/Baseline!J3) -> 1.0499021 | E21: =(E11/Baseline!J4) -> 1.0019438 | F21: =(F11/Baseline!J5) -> 1.043309 | G21: =(G11/Baseline!J6) -> 1.0110719 | H21: =(H11/Baseline!J7) -> 1.0113348 | I21: =(I11/Baseline!J8) -> 1.0001302 | J21: =(J11/Baseline!J10) -> 1.0000539 | K21: =(K11/Baseline!J11) -> 1.0059236 | L21: =(L11/Baseline!J12) -> 1.0004089 | M21: =(M11/Baseline!J13) -> 1.0074789 | N21: =(N11/Baseline!J14) -> 1.0119208
B22: Congestion | C22: =IF(C12=0, 0, ABS((C12-Baseline!K2))) -> 0 | D22: =IF(D12=0, 0, ABS((D12-Baseline!K3))) -> 0 | E22: =IF(E12=0, 0, ABS(E12-Baseline!K4)) -> 0 | F22: =IF(F12=0, 0, ABS(F12-Baseline!K5)) -> 0 | G22: =IF(G12=0, 0, ABS(G12-Baseline!K6)) -> 0 | H22: =IF(H12=0, 0, ABS(H12-Baseline!K7)) -> 0 | I22: =IF(I12=0, 0, ABS(I12-Baseline!K8)) -> 0 | J22: =IF(J12=0, 0, ABS(J12-Baseline!K10)) -> 0 | K22: =IF(K12=0, 0, ABS(K12-Baseline!K11)) -> 0 | L22: =IF(L12=0, 0, ABS(L12-Baseline!K12)) -> 0 | M22: =IF(M12=0, 0, ABS(M12-Baseline!K13)) -> 0 | N22: =IF(N12=0, 0, ABS(N12-Baseline!K14)) -> 0
B23: sum | C23: =sum(C18:C22) -> 25.513926 | D23: =sum(D18:D22) -> 34.010841 | E23: =sum(E18:E22) -> 9.5039738 | F23: =sum(F18:F22) -> 7.2959592 | G23: =sum(G18:G22) -> 22.224612 | H23: =sum(H18:H22) -> 22.6449 | I23: =sum(I18:I22) -> 9.4637251 | J23: =sum(J18:J22) -> 2.874974 | ... L23: =sum(L18:L22) -> 43.422375
H35: :

Sheet team20
A1: Evaluation Metric | B1: Generated | C1: ac97_top | D1: aes_cipher_top | E1: NV_NVDLA_partition_m | F1: FPU | G1: NV_NVDLA_partition_p | H1: NV_NVDLA_partition_p_mod | I1: NV_NVDLA_partition_c | J1: Hidden1 | K1: Hidden2 | L1: Hidden3 | M1: Hidden4 | N1: Hidden5
A2: Docker Image Generation | B2: Yes
A4: Resynth Netlist Generation | C4: Yes | D4: Yes | E4: Yes | F4: Yes | G4: Yes | H4: Yes | I4: Yes | J4: Yes | K4: Yes | L4: Yes | M4: Yes | N4: Yes
A5: Runtime | C5: 47 | D5: 75 | E5: 252 | F5: 87 | G5: 293 | H5: 462 | I5: 900 | J5: 84 | K5: 146 | L5: 486 | M5: 740 | N5: 392
A6: GL0AM Equivalency Check | C6: Pass | D6: Pass | E6: Pass | F6: Pass | G6: Pass | H6: Pass | I6: Pass | J6: Pass | K6: Pass | L6: Pass | M6: Pass | N6: Pass
A7: Runtime factor | C7: =1 + MIN(0.2, MAX(-0.2, 0.02*LOG(C5 / runtimes!B10, 2))) -> 0.89872407 | D7: =1 + MIN(0.2, MAX(-0.2, 0.02*LOG(D5 / runtimes!C10, 2))) -> 0.91138665 | E7: =1 + MIN(0.2, MAX(-0.2, 0.02*LOG(E5 / runtimes!D10, 2))) -> 1.013592 | F7: =1 + MIN(0.2, MAX(-0.2, 0.02*LOG(F5 / runtimes!E10, 2))) -> 0.90419646 | G7: =1 + MIN(0.2, MAX(-0.2, 0.02*LOG(G5 / runtimes!F10, 2))) -> 0.97422554 | H7: =1 + MIN(0.2, MAX(-0.2, 0.02*LOG(H5 / runtimes!G10, 2))) -> 0.96202419 | I7: =1 + MIN(0.2, MAX(-0.2, 0.02*LOG(I5 / runtimes!H10, 2))) -> 0.95541166 | J7: =1 + MIN(0.2, MAX(-0.2, 0.02*LOG(J5 / runtimes!I10, 2))) -> 0.91241931 | ... N7: =1 + MIN(0.2, MAX(-0.2, 0.02*LOG(N5 / runtimes!M10, 2))) -> 1.0203853
A8: TNS (ns) | C8: -17.82511 | D8: -18.2837 | E8: -11.90621 | F8: -59.3346 | G8: -669.74619 | H8: -369.34425 | I8: -19.31633 | J8: -0.42278 | K8: -139.50494 | L8: -1326.203 | M8: -4566.3595 | N8: -7.30378
A9: Sum of slew differences (ns) | C9: 0.36870734 | D9: 7.5348241 | E9: 50.691575 | F9: 21.326355 | G9: 1273.4609 | H9: 1223.1854 | I9: 19045.001 | J9: 1.7877398 | K9: 5432.4726 | L9: 17062.336 | M9: 2063.5639 | N9: 41.731187
A10: Sum of load differences (fF) | C10: 0 | D10: 6.5893573 | E10: 344.9269 | F10: 4.5460157 | G10: 7629.9071 | H10: 7493.1362 | I10: 67122.499 | J10: 0 | K10: 8230.2058 | L10: 18176.56 | M10: 1560.7149 | N10: 298.25365
A11: Leakge power (uW) | C11: 82.793113 | D11: 29.762567 | E11: 161.3232 | F11: 19.253865 | G11: 585.4017 | H11: 584.97894 | I11: 18101.874 | J11: 52.897112 | K11: 347.66472 | L11: 17539.106 | M11: 3146.7425 | N11: 129.58046
A12: Congestion | C12: 0 | D12: 0 | E12: 0 | F12: 0 | G12: 0 | H12: 0 | I12: 0 | J12: 0 | K12: 0 | L12: 0 | M12: 0 | N12: 0
A13: Score | C13: =SUM(C18:C22)*C7 -> 22.929979 | D13: =SUM(D18:D22)*D7 -> 42.040265 | E13: =SUM(E18:E22)*E7 -> 50.277551 | F13: =SUM(F18:F22)*F7 -> 44.244275 | G13: =SUM(G18:G22)*G7 -> 46.944505 | H13: =SUM(H18:H22)*H7 -> 48.946454 | I13: =SUM(I18:I22)*I7 -> 47.378393 | J13: =SUM(J18:J22)*J7 -> 28.284999 | ... N13: =SUM(N18:N22)*N7 -> 52.039651
A17: Score computation:
B18: TNS | C18: =IF(C8>=0, 0, ABS((C8/Baseline!E2))*10) -> 9.9462709 | D18: =IF(D8>=0, 0, ABS((D8/Baseline!E3)*10)) -> 9.7017887 | E18: =IF(E8>=0, 0, ABS((E8/Baseline!E4)*10)) -> 10.000008 | F18: =IF(F8>=0, 0, ABS((F8/Baseline!E5)*10)) -> 10 | G18: =IF(G8>=0, 0, ABS((G8/Baseline!E6)*10)) -> 8.964484 | H18: =IF(H8>=0, 0, ABS((H8/Baseline!E7)*10)) -> 9.4459715 | I18: =IF(I8>=0, 0, ABS((I8/Baseline!E8)*10)) -> 10.26089 | J18: =IF(J8>=0, 0, ABS((J8/Baseline!E10)*10)) -> 10 | K18: =IF(K8>=0, 0, ABS((K8/Baseline!E11)*10)) -> 10.03486 | L18: =IF(L8>=0, 0, ABS((L8/Baseline!E12)*10)) -> 3.7543903 | M18: =IF(M8>=0, 0, ABS((M8/Baseline!E13)*10)) -> 3.321483 | N18: =IF(N8>=0, 0, ABS((N8/Baseline!E14)*10)) -> 10
B19: Slew | C19: =IF(C9<=0, 0, ABS((C9/Baseline!F2))*20) -> 14.567655 | D19: =IF(D9<=0, 0, ABS((D9/Baseline!F3)*20)) -> 15.426146 | E19: =IF(E9<=0, 0, ABS((E9/Baseline!F4)*20)) -> 18.603334 | F19: =IF(F9<=0, 0, ABS((F9/Baseline!F5)*20)) -> 17.932081 | G19: =IF(G9<=0, 0, ABS((G9/Baseline!F6)*20)) -> 18.374517 | H19: =IF(H9<=0, 0, ABS((H9/Baseline!F7)*20)) -> 20.396116 | I19: =IF(I9<=0, 0, ABS((I9/Baseline!F8)*20)) -> 18.264399 | J19: =IF(J9<=0, 0, ABS((J9/Baseline!F10)*20)) -> 20 | K19: =IF(K9<=0, 0, ABS((K9/Baseline!F11)*20)) -> 20.082002 | L19: =IF(L9<=0, 0, ABS((L9/Baseline!F12)*20)) -> 19.529996 | M19: =IF(M9<=0, 0, ABS((M9/Baseline!F13)*20)) -> 21.610282 | N19: =IF(N9<=0, 0, ABS((N9/Baseline!F14)*20)) -> 20
B20: Cap | C20: =IF(C10=0, 0, ABS((C10/Baseline!H2))*20) -> 0 | D20: =IF(D10=0, 0, ABS((D10/Baseline!H3)*20)) -> 19.99987 | E20: =IF(E10=0, 0, ABS((E10/Baseline!H4)*20)) -> 20 | F20: =IF(F10=0, 0, ABS((F10/Baseline!H5)*20)) -> 20.000069 | G20: =IF(G10=0, 0, ABS((G10/Baseline!H6)*20)) -> 19.837882 | H20: =IF(H10=0, 0, ABS((H10/Baseline!H7)*20)) -> 20.026972 | I20: =IF(I10=0, 0, ABS((I10/Baseline!H8)*20)) -> 20.064096 | J20: =IF(J10=0, 0, ABS((J10/Baseline!H10)*20)) -> 0 | K20: =IF(K10=0, 0, ABS((K10/Baseline!H11)*20)) -> 20.35239 | L20: =IF(L10=0, 0, ABS((L10/Baseline!H12)*20)) -> 20.186497 | M20: =IF(M10=0, 0, ABS((M10/Baseline!H13)*20)) -> 21.579559 | N20: =IF(N10=0, 0, ABS((N10/Baseline!H14)*20)) -> 20
B21: Power | C21: =(C11/Baseline!J2) -> 1.0000002 | D21: =(D11/Baseline!J3) -> 0.99999891 | E21: =(E11/Baseline!J4) -> 1 | F21: =(F11/Baseline!J5) -> 0.99999819 | G21: =(G11/Baseline!J6) -> 1.0096029 | H21: =(H11/Baseline!J7) -> 1.0095512 | I21: =(I11/Baseline!J8) -> 1.0001221 | J21: =(J11/Baseline!J10) -> 1 | K21: =(K11/Baseline!J11) -> 1.0018188 | L21: =(L11/Baseline!J12) -> 1 | M21: =(M11/Baseline!J13) -> 1.0054125 | N21: =(N11/Baseline!J14) -> 1
B22: Congestion | C22: =IF(C12=0, 0, ABS((C12-Baseline!K2))) -> 0 | D22: =IF(D12=0, 0, ABS((D12-Baseline!K3))) -> 0 | E22: =IF(E12=0, 0, ABS(E12-Baseline!K4)) -> 0 | F22: =IF(F12=0, 0, ABS(F12-Baseline!K5)) -> 0 | G22: =IF(G12=0, 0, ABS(G12-Baseline!K6)) -> 0 | H22: =IF(H12=0, 0, ABS(H12-Baseline!K7)) -> 0 | I22: =IF(I12=0, 0, ABS(I12-Baseline!K8)) -> 0 | J22: =IF(J12=0, 0, ABS(J12-Baseline!K10)) -> 0 | K22: =IF(K12=0, 0, ABS(K12-Baseline!K11)) -> 0 | L22: =IF(L12=0, 0, ABS(L12-Baseline!K12)) -> 0 | M22: =IF(M12=0, 0, ABS(M12-Baseline!K13)) -> 0 | N22: =IF(N12=0, 0, ABS(N12-Baseline!K14)) -> 0
B23: sum | C23: =sum(C18:C22) -> 25.513926 | D23: =sum(D18:D22) -> 46.127804 | E23: =sum(E18:E22) -> 49.603343 | F23: =sum(F18:F22) -> 48.932148 | G23: =sum(G18:G22) -> 48.186486 | H23: =sum(H18:H22) -> 50.878611 | I23: =sum(I18:I22) -> 49.589507 | J23: =sum(J18:J22) -> 31 | ... N23: =sum(N18:N22) -> 51

Sheet team23
A1: Evaluation Metric | B1: Generated | C1: ac97_top | D1: aes_cipher_top | E1: NV_NVDLA_partition_m | F1: FPU | G1: NV_NVDLA_partition_p | H1: NV_NVDLA_partition_p_mod | I1: NV_NVDLA_partition_c | J1: Hidden1 | K1: Hidden2 | L1: Hidden3 | M1: Hidden4 | N1: Hidden5
A2: Docker Image Generation | B2: Yes
A4: Resynth Netlist Generation | C4: Yes | D4: Yes | E4: Yes | F4: Yes | G4: Yes | H4: Yes | I4: Yes | J4: Yes | K4: Yes | L4: Yes | M4: Yes | N4: Yes
A5: runtime | C5: 572 | D5: 698 | E5: 324 | F5: 2849 | G5: 326 | H5: 2494 | I5: 2315 | J5: 113 | K5: 5681 | L5: 2972 | M5: 4340 | N5: 389
A6: GL0AM Equivalency Check | C6: Pass | D6: Pass | E6: Pass | F6: Pass | G6: Pass | H6: Pass | I6: Pass | J6: Pass | K6: Pass | L6: Pass | M6: Pass | N6: Pass
A7: Runtime factor | C7: =1 + MIN(0.2, MAX(-0.2, 0.02*LOG(C5 / runtimes!B10, 2))) -> 0.97082972 | D7: =1 + MIN(0.2, MAX(-0.2, 0.02*LOG(D5 / runtimes!C10, 2))) -> 0.97575194 | E7: =1 + MIN(0.2, MAX(-0.2, 0.02*LOG(E5 / runtimes!D10, 2))) -> 1.0208434 | F7: =1 + MIN(0.2, MAX(-0.2, 0.02*LOG(F5 / runtimes!E10, 2))) -> 1.0048624 | G7: =1 + MIN(0.2, MAX(-0.2, 0.02*LOG(G5 / runtimes!F10, 2))) -> 0.97730496 | H7: =1 + MIN(0.2, MAX(-0.2, 0.02*LOG(H5 / runtimes!G10, 2))) -> 1.0106741 | I7: =1 + MIN(0.2, MAX(-0.2, 0.02*LOG(I5 / runtimes!H10, 2))) -> 0.98267197 | J7: =1 + MIN(0.2, MAX(-0.2, 0.02*LOG(J5 / runtimes!I10, 2))) -> 0.92097654 | ... N7: =1 + MIN(0.2, MAX(-0.2, 0.02*LOG(N5 / runtimes!M10, 2))) -> 1.0201636
A8: TNS (ns) | C8: -18.1123 | D8: -170.69894 | E8: -5.51423 | F8: -135.2267 | G8: 0 | H8: -180.95067 | I8: 0 | J8: -3.30427 | K8: -124.04342 | L8: -1159.2175 | M8: -4566.3595 | N8: -3.35857
A9: Sum of slew differences (ns) | C9: 0 | D9: 4.8640558 | E9: 27.042442 | F9: 0.70120318 | G9: 805.43823 | H9: 9.7461491 | I9: 133.02086 | J9: 0 | K9: 77.474487 | L9: 343.22153 | M9: 2063.5639 | N9: 33.708438
A10: Sum of load differences (fF) | C10: 0 | D10: 0 | E10: 280.32671 | F10: 0 | G10: 7018.0062 | H10: 0 | I10: 238.71848 | J10: 0 | K10: 39.708085 | L10: 2555.4728 | M10: 1560.7149 | N10: 305.41232
A11: Leakge power (uW) | C11: 82.755676 | D11: 31.964363 | E11: 161.51155 | F11: 6.3719632 | G11: 567.79979 | H11: 91.976576 | I11: 16902.985 | J11: 12.930335 | K11: 29.99864 | L11: 17535.801 | M11: 3146.7425 | N11: 128.90126
A12: Congestion | C12: 0 | D12: 468158 | E12: 0 | F12: 0 | G12: 0 | H12: 0 | I12: 0 | J12: 0 | K12: 0 | L12: 0 | M12: 0 | N12: 0
A13: Score | C13: =SUM(C18:C22)*C7 -> 10.782102 | D13: =SUM(D18:D22)*D7 -> 456905.22 | E13: =SUM(E18:E22)*E7 -> 32.474205 | F13: =SUM(F18:F22)*F7 -> 23.826367 | G13: =SUM(G18:G22)*G7 -> 30.147596 | H13: =SUM(H18:H22)*H7 -> 5.0018818 | I13: =SUM(I18:I22)*I7 -> 1.1131804 | J13: =SUM(J18:J22)*J7 -> 72.204765 | ... N13: =SUM(N18:N22)*N7 -> 43.079707
A17: Score computation:
B18: TNS | C18: =IF(C8>=0, 0, ABS((C8/Baseline!E2))*10) -> 10.106521 | D18: =IF(D8>=0, 0, ABS((D8/Baseline!E3)*10)) -> 90.577129 | E18: =IF(E8>=0, 0, ABS((E8/Baseline!E4)*10)) -> 4.6313937 | F18: =IF(F8>=0, 0, ABS((F8/Baseline!E5)*10)) -> 22.79053 | G18: =IF(G8>=0, 0, ABS((G8/Baseline!E6)*10)) -> 0 | H18: =IF(H8>=0, 0, ABS((H8/Baseline!E7)*10)) -> 4.6278096 | I18: =IF(I8>=0, 0, ABS((I8/Baseline!E8)*10)) -> 0 | J18: =IF(J8>=0, 0, ABS((J8/Baseline!E10)*10)) -> 78.155778 | K18: =IF(K8>=0, 0, ABS((K8/Baseline!E11)*10)) -> 8.9226833 | L18: =IF(L8>=0, 0, ABS((L8/Baseline!E12)*10)) -> 3.2816658 | M18: =IF(M8>=0, 0, ABS((M8/Baseline!E13)*10)) -> 3.321483 | N18: =IF(N8>=0, 0, ABS((N8/Baseline!E14)*10)) -> 4.5983997
B19: Slew | C19: =IF(C9<=0, 0, ABS((C9/Baseline!F2))*20) -> 0 | D19: =IF(D9<=0, 0, ABS((D9/Baseline!F3)*20)) -> 9.9582467 | E19: =IF(E9<=0, 0, ABS((E9/Baseline!F4)*20)) -> 9.9243236 | F19: =IF(F9<=0, 0, ABS((F9/Baseline!F5)*20)) -> 0.58960062 | G19: =IF(G9<=0, 0, ABS((G9/Baseline!F6)*20)) -> 11.621509 | H19: =IF(H9<=0, 0, ABS((H9/Baseline!F7)*20)) -> 0.16251304 | I19: =IF(I9<=0, 0, ABS((I9/Baseline!F8)*20)) -> 0.1275687 | J19: =IF(J9<=0, 0, ABS((J9/Baseline!F10)*20)) -> 0 | K19: =IF(K9<=0, 0, ABS((K9/Baseline!F11)*20)) -> 0.28639681 | L19: =IF(L9<=0, 0, ABS((L9/Baseline!F12)*20)) -> 0.39286033 | M19: =IF(M9<=0, 0, ABS((M9/Baseline!F13)*20)) -> 21.610282 | N19: =IF(N9<=0, 0, ABS((N9/Baseline!F14)*20)) -> 16.155034
B20: Cap | C20: =IF(C10=0, 0, ABS((C10/Baseline!H2))*20) -> 0 | D20: =IF(D10=0, 0, ABS((D10/Baseline!H3)*20)) -> 0 | E20: =IF(E10=0, 0, ABS((E10/Baseline!H4)*20)) -> 16.254268 | F20: =IF(F10=0, 0, ABS((F10/Baseline!H5)*20)) -> 0 | G20: =IF(G10=0, 0, ABS((G10/Baseline!H6)*20)) -> 18.24693 | H20: =IF(H10=0, 0, ABS((H10/Baseline!H7)*20)) -> 0 | I20: =IF(I10=0, 0, ABS((I10/Baseline!H8)*20)) -> 0.071357154 | J20: =IF(J10=0, 0, ABS((J10/Baseline!H10)*20)) -> 0 | K20: =IF(K10=0, 0, ABS((K10/Baseline!H11)*20)) -> 0.098193709 | L20: =IF(L10=0, 0, ABS((L10/Baseline!H12)*20)) -> 2.8380532 | M20: =IF(M10=0, 0, ABS((M10/Baseline!H13)*20)) -> 21.579559 | N20: =IF(N10=0, 0, ABS((N10/Baseline!H14)*20)) -> 20.480039
B21: Power | C21: =(C11/Baseline!J2) -> 0.99954798 | D21: =(D11/Baseline!J3) -> 1.0739775 | E21: =(E11/Baseline!J4) -> 1.0011675 | F21: =(F11/Baseline!J5) -> 0.33094402 | G21: =(G11/Baseline!J6) -> 0.9792461 | H21: =(H11/Baseline!J7) -> 0.15873231 | I21: =(I11/Baseline!J8) -> 0.93388394 | J21: =(J11/Baseline!J10) -> 0.24444311 | K21: =(K11/Baseline!J11) -> 0.086443059 | L21: =(L11/Baseline!J12) -> 0.99981152 | M21: =(M11/Baseline!J13) -> 1.0054125 | N21: =(N11/Baseline!J14) -> 0.99475851
B22: Congestion | C22: =IF(C12=0, 0, ABS((C12-Baseline!K2))) -> 0 | D22: =IF(D12=0, 0, ABS((D12-Baseline!K3))) -> 468158 | E22: =IF(E12=0, 0, ABS(E12-Baseline!K4)) -> 0 | F22: =IF(F12=0, 0, ABS(F12-Baseline!K5)) -> 0 | G22: =IF(G12=0, 0, ABS(G12-Baseline!K6)) -> 0 | H22: =IF(H12=0, 0, ABS(H12-Baseline!K7)) -> 0 | I22: =IF(I12=0, 0, ABS(I12-Baseline!K8)) -> 0 | J22: =IF(J12=0, 0, ABS(J12-Baseline!K10)) -> 0 | K22: =IF(K12=0, 0, ABS(K12-Baseline!K11)) -> 0 | L22: =IF(L12=0, 0, ABS(L12-Baseline!K12)) -> 0 | M22: =IF(M12=0, 0, ABS(M12-Baseline!K13)) -> 0 | N22: =IF(N12=0, 0, ABS(N12-Baseline!K14)) -> 0
C23: =sum(C18:C22) -> 11.106069 | D23: =sum(D18:D22) -> 468259.61 | E23: =sum(E18:E22) -> 31.811152 | F23: =sum(F18:F22) -> 23.711075 | G23: =sum(G18:G22) -> 30.847686 | H23: =sum(H18:H22) -> 4.949055 | I23: =sum(I18:I22) -> 1.1328098 | J23: =sum(J18:J22) -> 78.400222 | ... L23: =sum(L18:L22) -> 7.5123908
M36: :q

Sheet team27
A1: Evaluation Metric | B1: Generated | C1: ac97_top | D1: aes_cipher_top | E1: NV_NVDLA_partition_m | F1: FPU | G1: NV_NVDLA_partition_p | H1: NV_NVDLA_partition_p_mod | I1: NV_NVDLA_partition_c | J1: Hidden1 | K1: Hidden2 | L1: Hidden3 | M1: Hidden4 | N1: Hidden5
A2: Docker Image Generation | B2: Yes
A4: Resynth Netlist Generation | C4: Yes | D4: Yes | E4: Yes | F4: Yes | G4: Yes | H4: Yes | I4: Yes | J4: Yes | K4: No | L4: No | M4: No | N4: Yes
A5: runtime | C5: 111 | D5: 159 | E5: 205 | F5: 746 | G5: 2059 | H5: 1530 | I5: 20458 | J5: 22 | K5: 398 | L5: 13215 | M5: 14771 | N5: 90
A6: GL0AM Equivalency Check | C6: Pass | D6: Pass | E6: Pass | F6: Pass | G6: Pass | H6: Pass | I6: Pass | J6: Pass | K6: Pass | L6: Pass | M6: Pass | N6: Pass
A7: Runtime factor | C7: =1 + MIN(0.2, MAX(-0.2, 0.02*LOG(C5 / runtimes!B10, 2))) -> 0.92352061 | D7: =1 + MIN(0.2, MAX(-0.2, 0.02*LOG(D5 / runtimes!C10, 2))) -> 0.93306793 | E7: =1 + MIN(0.2, MAX(-0.2, 0.02*LOG(E5 / runtimes!D10, 2))) -> 1.007636 | F7: =1 + MIN(0.2, MAX(-0.2, 0.02*LOG(F5 / runtimes!E10, 2))) -> 0.96619823 | G7: =1 + MIN(0.2, MAX(-0.2, 0.02*LOG(G5 / runtimes!F10, 2))) -> 1.030485 | H7: =1 + MIN(0.2, MAX(-0.2, 0.02*LOG(H5 / runtimes!G10, 2))) -> 0.99657553 | I7: =1 + MIN(0.2, MAX(-0.2, 0.02*LOG(I5 / runtimes!H10, 2))) -> 1.0455436 | J7: =1 + MIN(0.2, MAX(-0.2, 0.02*LOG(J5 / runtimes!I10, 2))) -> 0.87376159 | ... N7: =1 + MIN(0.2, MAX(-0.2, 0.02*LOG(N5 / runtimes!M10, 2))) -> 0.97792818
A8: TNS (ns) | C8: -19.30989 | D8: -1.91102 | E8: -4.95788 | F8: -25.98269 | G8: -10.31421 | H8: -9.59595 | I8: -0.45862 | J8: -0.00648 | K8: -2.75049 | L8: -2392.097 | M8: -9194.465 | N8: -2.79914
A9: Sum of slew differences (ns) | C9: 0.96934044 | D9: 1.5069116 | E9: 12.897402 | F9: 21.283523 | G9: 1106.3832 | H9: 995.86801 | I9: 19054.583 | J9: 0.15389301 | K9: 4473.0651 | L9: 16177.809 | M9: 2228.8354 | N9: 30.667863
A10: Sum of load differences (fF) | C10: 0 | D10: 10.833306 | E10: 253.27288 | F10: 4.4901064 | G10: 7534.5035 | H10: 7314.7483 | I10: 67047.672 | J10: 0 | K10: 5693.2457 | L10: 19324.964 | M10: 4614.7781 | N10: 58.566955
A11: Leakge power (uW) | C11: 83.661826 | D11: 41.608102 | E11: 162.28912 | F11: 43.894497 | G11: 558.8347 | H11: 560.05182 | I11: 18101.957 | J11: 52.899963 | K11: 349.08923 | L11: 17546.498 | M11: 3154.4207 | N11: 131.12516
A12: Congestion | C12: 0 | D12: 0 | E12: 0 | F12: 0 | G12: 0 | H12: 0 | I12: 0 | J12: 0 | K12: 0 | L12: 0 | M12: 0 | N12: 0
A13: Score | C13: =SUM(C18:C22)*C7 -> 46.253581 | D13: =SUM(D18:D22)*D7 -> 35.809433 | E13: =SUM(E18:E22)*E7 -> 24.776688 | F13: =SUM(F18:F22)*F7 -> 42.811226 | G13: =SUM(G18:G22)*G7 -> 37.772895 | H13: =SUM(H18:H22)*H7 -> 37.239868 | I13: =SUM(I18:I22)*I7 -> 41.360726 | J13: =SUM(J18:J22)*J7 -> 2.5120419 | ... N13: =SUM(N18:N22)*N7 -> 22.9515
A17: Score computation:
B18: TNS | C18: =IF(C8>=0, 0, ABS((C8/Baseline!E2))*10) -> 10.774766 | D18: =IF(D8>=0, 0, ABS((D8/Baseline!E3)*10)) -> 1.014035 | E18: =IF(E8>=0, 0, ABS((E8/Baseline!E4)*10)) -> 4.1641162 | F18: =IF(F8>=0, 0, ABS((F8/Baseline!E5)*10)) -> 4.3790116 | G18: =IF(G8>=0, 0, ABS((G8/Baseline!E6)*10)) -> 0.13805464 | H18: =IF(H8>=0, 0, ABS((H8/Baseline!E7)*10)) -> 0.24541622 | I18: =IF(I8>=0, 0, ABS((I8/Baseline!E8)*10)) -> 0.24362025 | J18: =IF(J8>=0, 0, ABS((J8/Baseline!E10)*10)) -> 0.1532712 | K18: =IF(K8>=0, 0, ABS((K8/Baseline!E11)*10)) -> 0.19784807 | L18: =IF(L8>=0, 0, ABS((L8/Baseline!E12)*10)) -> 6.7718636 | M18: =IF(M8>=0, 0, ABS((M8/Baseline!E13)*10)) -> 6.6878788 | N18: =IF(N8>=0, 0, ABS((N8/Baseline!E14)*10)) -> 3.8324539
B19: Slew | C19: =IF(C9<=0, 0, ABS((C9/Baseline!F2))*20) -> 38.298714 | D19: =IF(D9<=0, 0, ABS((D9/Baseline!F3)*20)) -> 3.0851204 | E19: =IF(E9<=0, 0, ABS((E9/Baseline!F4)*20)) -> 4.7332262 | F19: =IF(F9<=0, 0, ABS((F9/Baseline!F5)*20)) -> 17.896066 | G19: =IF(G9<=0, 0, ABS((G9/Baseline!F6)*20)) -> 15.963784 | H19: =IF(H9<=0, 0, ABS((H9/Baseline!F7)*20)) -> 16.605691 | I19: =IF(I9<=0, 0, ABS((I9/Baseline!F8)*20)) -> 18.273588 | J19: =IF(J9<=0, 0, ABS((J9/Baseline!F10)*20)) -> 1.7216489 | K19: =IF(K9<=0, 0, ABS((K9/Baseline!F11)*20)) -> 16.535399 | L19: =IF(L9<=0, 0, ABS((L9/Baseline!F12)*20)) -> 18.517543 | M19: =IF(M9<=0, 0, ABS((M9/Baseline!F13)*20)) -> 23.341056 | N19: =IF(N9<=0, 0, ABS((N9/Baseline!F14)*20)) -> 14.697815
B20: Cap | C20: =IF(C10=0, 0, ABS((C10/Baseline!H2))*20) -> 0 | D20: =IF(D10=0, 0, ABS((D10/Baseline!H3)*20)) -> 32.881008 | E20: =IF(E10=0, 0, ABS((E10/Baseline!H4)*20)) -> 14.685597 | F20: =IF(F10=0, 0, ABS((F10/Baseline!H5)*20)) -> 19.754098 | G20: =IF(G10=0, 0, ABS((G10/Baseline!H6)*20)) -> 19.589832 | H20: =IF(H10=0, 0, ABS((H10/Baseline!H7)*20)) -> 19.550193 | I20: =IF(I10=0, 0, ABS((I10/Baseline!H8)*20)) -> 20.041729 | J20: =IF(J10=0, 0, ABS((J10/Baseline!H10)*20)) -> 0 | K20: =IF(K10=0, 0, ABS((K10/Baseline!H11)*20)) -> 14.078768 | L20: =IF(L10=0, 0, ABS((L10/Baseline!H12)*20)) -> 21.461891 | M20: =IF(M10=0, 0, ABS((M10/Baseline!H13)*20)) -> 63.807219 | N20: =IF(N10=0, 0, ABS((N10/Baseline!H14)*20)) -> 3.9273253
B21: Power | C21: =(C11/Baseline!J2) -> 1.0104927 | D21: =(D11/Baseline!J3) -> 1.3979996 | E21: =(E11/Baseline!J4) -> 1.0059875 | F21: =(F11/Baseline!J5) -> 2.2797717 | G21: =(G11/Baseline!J6) -> 0.96378461 | H21: =(H11/Baseline!J7) -> 0.96653218 | I21: =(I11/Baseline!J8) -> 1.0001267 | J21: =(J11/Baseline!J10) -> 1.0000539 | K21: =(K11/Baseline!J11) -> 1.0059236 | L21: =(L11/Baseline!J12) -> 1.0004214 | M21: =(M11/Baseline!J13) -> 1.0078657 | N21: =(N11/Baseline!J14) -> 1.0119208
B22: Congestion | C22: =IF(C12=0, 0, ABS((C12-Baseline!K2))) -> 0 | D22: =IF(D12=0, 0, ABS((D12-Baseline!K3))) -> 0 | E22: =IF(E12=0, 0, ABS(E12-Baseline!K4)) -> 0 | F22: =IF(F12=0, 0, ABS(F12-Baseline!K5)) -> 0 | G22: =IF(G12=0, 0, ABS(G12-Baseline!K6)) -> 0 | H22: =IF(H12=0, 0, ABS(H12-Baseline!K7)) -> 0 | I22: =IF(I12=0, 0, ABS(I12-Baseline!K8)) -> 0 | J22: =IF(J12=0, 0, ABS(J12-Baseline!K10)) -> 0 | K22: =IF(K12=0, 0, ABS(K12-Baseline!K11)) -> 0 | L22: =IF(L12=0, 0, ABS(L12-Baseline!K12)) -> 0 | M22: =IF(M12=0, 0, ABS(M12-Baseline!K13)) -> 0 | N22: =IF(N12=0, 0, ABS(N12-Baseline!K14)) -> 0
C23: =sum(C18:C22) -> 50.083973 | D23: =sum(D18:D22) -> 38.378163 | E23: =sum(E18:E22) -> 24.588927 | F23: =sum(F18:F22) -> 44.308947 | G23: =sum(G18:G22) -> 36.655455 | H23: =sum(H18:H22) -> 37.367833 | I23: =sum(I18:I22) -> 39.559065 | J23: =sum(J18:J22) -> 2.874974 | ... L23: =sum(L18:L22) -> 47.751719

Sheet Baseline
B1: Instances | C1: Clock period | D1: WNS (ns) | E1: TNS (ns) | F1: Slew (ns) | G1: Slew count | H1: Cap (fF) | I1: Cap count | J1: Leakage Power (uW) | K1: Congestion
A2: ac97_top | B2: 8029 | C2: 0.12 | D2: -0.0676 | E2: -17.9214 | F2: 0.5062 | G2: 15 | H2: 0 | I2: 0 | J2: 82.7931 | K2: 0
A3: aes_cipher_top | B3: 10965 | C3: 0.32 | D3: -0.1605 | E3: -18.8457 | F3: 9.7689 | G3: 183 | H3: 6.5894 | I3: 5 | J3: 29.7626 | K3: 0
A4: NV_NVDLA_partition_m | B4: 17843 | C4: 0.4 | D4: -0.2086 | E4: -11.9062 | F4: 54.4973 | G4: 368 | H4: 344.9269 | I4: 9 | J4: 161.3232 | K4: 0
A5: fpu | B5: 19725 | C5: 3.68 | D5: -1.2077 | E5: -59.3346 | F5: 23.7857 | G5: 124 | H5: 4.546 | I5: 1 | J5: 19.2539 | K5: 0
A6: NV_NVDLA_partition_p | B6: 58216 | C6: 1 | D6: -0.4919 | E6: -747.1107 | F6: 1386.1164 | G6: 13422 | H6: 7692.2596 | I6: 141 | J6: 579.8336 | K6: 0
A7: NV_NVDLA_partition_p_mod | B7: 58026 | C7: 1.2 | D7: -0.43075 | E7: -391.00716 | F7: 1199.4298 | G7: 12346 | H7: 7483.0446 | I7: 132 | J7: 579.44457 | K7: 0
A8: NV_NVDLA_partition_c | B8: 155686 | C8: 3 | D8: -0.7218 | E8: -18.8252 | F8: 20854.78 | G8: 80297 | H8: 66908.071 | I8: 1307 | J8: 18099.664 | K8: 0
A10: Hidden1 | B10: 12130 | C10: 0.6 | D10: -0.42278 | E10: -0.42278 | F10: 1.7877398 | G10: 1 | H10: 0 | I10: 0 | J10: 52.897112 | K10: 0
A11: Hidden2 | B11: 32795 | C11: 0.8 | D11: -0.33787 | E11: -139.02031 | F11: 5410.2899 | G11: 27844 | H11: 8087.7044 | I11: 278 | J11: 347.03353 | K11: 0
A12: Hidden3 | B12: 112896 | C12: 2.5 | D12: -0.98531 | E12: -3532.4057 | F12: 17472.954 | G12: 62420 | H12: 18008.632 | I12: 1916 | J12: 17539.106 | K12: 0
A13: Hidden4 | B13: 150545 | C13: 3 | D13: -1.90656 | E13: -13747.954 | F13: 1909.7982 | G13: 14311 | H13: 1446.4752 | I13: 296 | J13: 3129.8026 | K13: 0
A14: Hidden5 | B14: 15236 | C14: 0.5 | D14: -0.19602 | E14: -7.30378 | F14: 41.731187 | G14: 354 | H14: 298.25365 | I14: 9 | J14: 129.58046 | K14: 0

Sheet BestScores
A1: team | B1: ac97_top | C1: aes_cipher_top | D1: NV_NVDLA_partition_m | E1: FPU | F1: NV_NVDLA_partition_p | G1: NV_NVDLA_partition_p_mod | H1: NV_NVDLA_partition_c | I1: Hidden1 | J1: Hidden2 | K1: Hidden3 | L1: Hidden4 | M1: Hidden5
A2: 3 | B2: 21.414643 | C2: 38.678603 | D2: 45.14864 | E2: 40.468689 | F2: 41.752506 | G2: 42.991877 | H2: 41.315241 | I2: 25.924439 | J2: 43.453813 | K2: 36.729247 | L2: 36.701085 | M2: 45.889309
A3: 4 | B3: 585.65825 | C3: 56.414385 | D3: 45.97248 | F3: 46.677683
A4: 11 | B4: 26.891758 | C4: 48.588468 | E4: 51.001489 | I4: 32.58127
A5: 13 | B5: 21.860866 | C5: 30.761552 | D5: 9.3446399 | E5: 6.8782753 | F5: 22.439634 | G5: 23.214595 | H5: 9.7843254 | I5: 2.5157293 | J5: 30.71753 | M5: 22.9515
A6: 20 | B6: 22.929979 | C6: 42.040265 | D6: 50.277551 | E6: 44.244275 | F6: 46.944505 | G6: 48.946454 | H6: 47.378393 | I6: 28.284999 | J6: 48.194157 | K6: 41.712551 | L6: 46.378278 | M6: 52.039651
A7: 23 | B7: 10.782102 | C7: 456905.22 | D7: 32.474205 | E7: 23.826367 | F7: 30.147596 | G7: 5.0018818 | H7: 1.1131804 | I7: 72.204765 | J7: 9.7880363 | K7: 7.4389388 | L7: 48.803625 | M7: 43.079707
A8: 27 | B8: 46.253581 | C8: 35.809433 | D8: 24.776688 | E8: 42.811226 | F8: 37.772895 | G8: 37.239868 | I8: 2.5120419 | J8: 30.712928 | K8: 49.340703 | M8: 22.9515
A10: Best | B10: =MIN(B2:B8) -> 10.782102 | C10: =MIN(C2:C8) -> 30.761552 | D10: =MIN(D2:D8) -> 9.3446399 | E10: =MIN(E2:E8) -> 6.8782753 | F10: =MIN(F2:F8) -> 22.439634 | G10: =MIN(G2:G8) -> 5.0018818 | H10: =MIN(H2:H8) -> 1.1131804 | I10: =MIN(I2:I8) -> 2.5120419 | ... M10: =MIN(M2:M8) -> 22.9515
A11: Scalingto 100 | N11: Total final score
A12: 3 | B12: =100*(B10/B2) -> 50.349201 | C12: =100*(C10/C2) -> 79.531186 | D12: =100*(D10/D2) -> 20.6975 | E12: =100*(E10/E2) -> 16.996536 | F12: =100*(F10/F2) -> 53.7444 | G12: =100*(G10/G2) -> 11.634481 | H12: =100*(H10/H2) -> 2.6943578 | I12: =100*(I10/I2) -> 9.6898602 | ... M12: =100*(M10/M2) -> 50.014917 | N12: =SUM(B12:M12) -> 438.13104
A13: 4 | B13: =100*(B10/B3) -> 1.8410227 | C13: =100*(C10/C3) -> 54.527851 | D13: =100*(D10/D3) -> 20.326595 | E13: 0 | F13: =100*(F10/F3) -> 48.073582 | G13: 0 | H13: 0 | I13: 0 | J13: 0 | K13: 0 | L13: 0 | M13: 0 | N13: =SUM(B13:M13) -> 124.76905
A14: 11 | B14: =100*(B10/B4) -> 40.094446 | C14: =100*(C10/C4) -> 63.310397 | D14: 0 | E14: =100*(E10/E4) -> 13.48642 | F14: 0 | G14: 0 | H14: 0 | I14: =100*(I10/I4) -> 7.7100796 | J14: 0 | K14: 0 | L14: 0 | M14: 0 | N14: =SUM(B14:M14) -> 124.60134
A15: 13 | B15: =100*(B10/B5) -> 49.321476 | C15: =100*(C10/C5) -> 100 | D15: =100*(D10/D5) -> 100 | E15: =100*(E10/E5) -> 100 | F15: =100*(F10/F5) -> 100 | G15: =100*(G10/G5) -> 21.546281 | H15: =100*(H10/H5) -> 11.377181 | I15: =100*(I10/I5) -> 99.853424 | J15: =100*(J10/J5) -> 31.864659 | K15: 0 | L15: 0 | M15: =100*(M10/M5) -> 100 | N15: =SUM(B15:M15) -> 713.96302
A16: 20 | B16: =100*(B10/B6) -> 47.021855 | C16: =100*(C10/C6) -> 73.171642 | D16: =100*(D10/D6) -> 18.586108 | E16: =100*(E10/E6) -> 15.546136 | F16: =100*(F10/F6) -> 47.800342 | G16: =100*(G10/G6) -> 10.219089 | H16: =100*(H10/H6) -> 2.349553 | I16: =100*(I10/I6) -> 8.8811808 | ... M16: =100*(M10/M6) -> 44.103869 | N16: =SUM(B16:M16) -> 384.95739
A17: 23 | B17: =100*(B10/B7) -> 100 | C17: =100*(C10/C7) -> 0.0067325893 | D17: =100*(D10/D7) -> 28.775578 | E17: =100*(E10/E7) -> 28.868334 | F17: =100*(F10/F7) -> 74.432581 | G17: =100*(G10/G7) -> 100 | H17: =100*(H10/H7) -> 100 | I17: =100*(I10/I7) -> 3.4790527 | ... M17: =100*(M10/M7) -> 53.276824 | N17: =SUM(B17:M17) -> 764.04066
A18: 27 | B18: =100*(B10/B8) -> 23.310847 | C18: =100*(C10/C8) -> 85.903487 | D18: =100*(D10/D8) -> 37.715452 | E18: =100*(E10/E8) -> 16.066522 | F18: =100*(F10/F8) -> 59.406709 | G18: =100*(G10/G8) -> 13.431524 | H18: 0 | I18: =100*(I10/I8) -> 100 | J18: =100*(J10/J8) -> 31.869434 | K18: =100*(K10/K8) -> 15.076678 | L18: 0 | M18: =100*(M10/M8) -> 100 | N18: =SUM(B18:M18) -> 482.78065
I29: pci_bridge32 | J29: Hidden1
I30: NV_NVDLA_partition_a | J30: Hidden2
I31: ariane | J31: Hidden3
I32: mempool_tile_wrap | J32: Hidden4
I33: NV_NVDLA_partition_m | J33: Hidden5
A42: Scalingto 100 | B42: ac97_top | C42: aes_cipher_top | D42: NV_NVDLA_partition_m | E42: FPU | F42: NV_NVDLA_partition_p | G42: NV_NVDLA_partition_p_mod | H42: NV_NVDLA_partition_c | I42: pci_bridge32 | J42: NV_NVDLA_partition_a | K42: ariane | L42: mempool_tile_wrap | M42: NV_NVDLA_partition_m_mod | N42: Total final score
A43: 3 | B43: 50.349201 | C43: 79.531186 | D43: 20.6975 | E43: 16.996536 | F43: 53.7444 | G43: 11.634481 | H43: 2.6806479 | I43: 9.6898602 | J43: 22.525149 | K43: 19.553606 | L43: 100 | M43: 50.014917 | N43: 437.41749
A44: 4 | B44: 1.8410227 | C44: 54.527851 | D44: 20.326595 | E44: 0 | F44: 48.073582 | G44: 0 | H44: 0 | I44: 0 | J44: 0 | K44: 0 | L44: 0 | M44: 0 | N44: 124.76905
A45: 11 | B45: 40.094446 | C45: 63.310397 | D45: 0 | E45: 13.48642 | F45: 0 | G45: 0 | H45: 0 | I45: 7.7100796 | J45: 0 | K45: 0 | L45: 0 | M45: 0 | N45: 124.60134
A46: 13 | B46: 49.321476 | C46: 100 | D46: 100 | E46: 100 | F46: 100 | G46: 21.546281 | H46: 11.365809 | I46: 99.853424 | J46: 31.864659 | K46: 15.9287 | L46: 39.513367 | M46: 100 | N46: 769.39372
A47: 20 | B47: 47.021855 | C47: 73.171642 | D47: 18.586108 | E47: 15.546136 | F47: 47.800342 | G47: 10.219089 | H47: 2.3340529 | I47: 8.8811808 | J47: 20.309591 | K47: 17.217581 | L47: 78.782318 | M47: 44.103869 | N47: 383.97376
A48: 23 | B48: 100 | C48: 0.0067325893 | D48: 28.775578 | E48: 28.868334 | F48: 74.432581 | G48: 100 | H48: 100 | I48: 3.4790527 | J48: 100 | K48: 100 | L48: 75.928728 | M48: 53.276824 | N48: 764.76783
A49: 27 | B49: 23.310847 | C49: 85.903487 | D49: 37.715452 | E49: 16.066522 | F49: 59.406709 | G49: 13.431524 | H49: 2.6712603 | I49: 100 | J49: 31.869434 | K49: 14.555715 | L49: 36.164327 | M49: 100 | N49: 521.09528

Sheet runtimes
A1: TeamId | B1: ac97_top | C1: aes_cipher_top | D1: NV_NVDLA_partition_m | E1: FPU | F1: NV_NVDLA_partition_p | G1: NV_NVDLA_partition_p_mod | H1: NV_NVDLA_partition_c | I1: pci_bridge32 | J1: NV_NVDLA_partition_a | K1: ariane | L1: mempool_tile_wrap | M1: NV_NVDLA_partition_m_mod
A2: team3 | B2: 6 | C2: 6 | D2: 7 | E2: 6 | F2: 7 | G2: 8 | H2: 13 | I2: 6 | J2: 6 | K2: 10 | L2: 13 | M2: 6
A3: team4 | B3: 41 | C3: 51 | D3: 68 | F3: 609
A4: team11 | B4: 10216 | C4: 10274 | E4: 10424 | I4: 10239
A5: team13 | B5: 11 | C5: 59 | D5: 88 | E5: 331 | F5: 1001 | G5: 4120 | H5: 13654 | I5: 23 | J5: 400 | M5: 90
A6: team20 | B6: 47 | C6: 75 | D6: 252 | E6: 87 | F6: 293 | G6: 462 | H6: 900 | I6: 84 | J6: 146 | K6: 486 | L6: 740 | M6: 392
A7: team23 | B7: 572 | C7: 698 | D7: 324 | E7: 2849 | F7: 326 | G7: 2494 | H7: 2315 | I7: 113 | J7: 5681 | K7: 2972 | L7: 4340 | M7: 389
A8: team27 | B8: 111 | C8: 159 | D8: 205 | E8: 746 | F8: 2059 | G8: 1530 | I8: 22 | J8: 398 | K8: 13215 | M8: 90
A9: total | B9: =SUM(B2:B8) -> 11004 | C9: =SUM(C2:C8) -> 11322 | D9: =SUM(D2:D8) -> 944 | E9: =SUM(E2:E8) -> 14443 | F9: =SUM(F2:F8) -> 4295 | G9: =SUM(G2:G8) -> 8614 | H9: =SUM(H2:H8) -> 16882 | I9: =SUM(I2:I8) -> 10487 | ... M9: =SUM(M2:M8) -> 967
A10: Avg | B10: =B9/7 -> 1572 | C10: =C9/7 -> 1617.4286 | D10: =D9/6 -> 157.33333 | E10: =E9/6 -> 2407.1667 | F10: =F9/6 -> 715.83333 | G10: =G9/5 -> 1722.8 | H10: =H9/4 -> 4220.5 | I10: =I9/6 -> 1747.8333 | J10: =J9/5 -> 1326.2 | K10: =K9/4 -> 4170.75 | L10: =L9/3 -> 1697.6667 | M10: =M9/5 -> 193.4

Sheet leaderboard
A1: Rank | B1: Team | C1: Score
A2: 1 | B2: Team23 | C2: 764.04066
A3: 2 | B3: Team13 | C3: 713.96302
A4: 3 | B4: Team27 | C4: 482.78065
A8: Design | B8: Top team
A9: ac97_top | B9: Team23
A10: aes_cipher_top | B10: Team13
A11: NV_NVDLA_partition_m | B11: Team13
A12: fpu | B12: Team13
A13: NV_NVDLA_partition_p | B13: Team13
A14: NV_NVDLA_partition_p_mod | B14: Team23
A15: NV_NVDLA_partition_c | B15: Team23
A16: Hidden1 | B16: Team27
A17: Hidden2 | B17: Team23
A18: Hidden3 | B18: Team23
A19: Hidden4 | B19: Team3
A20: Hidden5 | B20: Team13
